{
  "duzavarijacijawaack": {
    "velikapripremazajazzpiruetu": 0.2,
    "pripremazajazzpiruetu": 0.2,
    "okretizcoska": 0.2,
    "hiphop": 0.2,
    "turljanukrug": 0.2
  },
  "okretizcoska": {
    "padesa": 0.090909,
    "hiphop": 0.090909,
    "hiphop1": 0.090909,
    "hiphop2": 0.090909,
    "hiphop3": 0.090909,
    "hiphop4": 0.090909,
    "hiphop5": 0.090909,
    "hiphop6": 0.090909,
    "pop": 0.090909,
    "house1": 0.090909,
    "house2": 0.09091
  },
  "pripremazajazzpiruetu": {
    "hiphop": 0.333333,
    "turljanukrug": 0.333333,
    "fuetesakrajem": 0.333334
  },
  "velikapripremazajazzpiruetu": {
    "fuetesakrajem": 0.111111,
    "alasekondumestu": 0.111111,
    "vrteskepokrugu": 0.111111,
    "turljanukrug": 0.111111,
    "okretizcoska": 0.111111,
    "pripremazajazzpiruetu": 0.111111,
    "hiphop": 0.111111,
    "pop": 0.111111,
    "house1": 0.111112
  },
  "ruke": {
    "padesa": 0.076923,
    "okretizcoska": 0.076923,
    "pripremazapiruetu": 0.076923,
    "pripremazajazzpiruetu": 0.076923,
    "hiphop": 0.076923,
    "hiphop2": 0.076923,
    "hiphop3": 0.076923,
    "hiphop4": 0.076923,
    "hiphop5": 0.076923,
    "hiphop6": 0.076923,
    "break1": 0.076923,
    "break3": 0.076923,
    "break4": 0.076927
  },
  "pozesarukama": {
    "ruke": 0.090909,
    "hiphop": 0.090909,
    "break": 0.090909,
    "hiphop2": 0.090909,
    "hiphop3": 0.090909,
    "hiphop4": 0.090909,
    "hiphop5": 0.090909,
    "hiphop6": 0.090909,
    "break1": 0.090909,
    "break3": 0.090909,
    "break4": 0.09091
  },
  "hiphop": {
    "okretizcoska": 0.090909,
    "pozesarukama": 0.090909,
    "hiphop": 0.090909,
    "hiphop2": 0.090909,
    "hiphop3": 0.090909,
    "hiphop4": 0.090909,
    "hiphop5": 0.090909,
    "hiphop6": 0.090909,
    "break1": 0.090909,
    "break3": 0.090909,
    "break4": 0.090909,
    "ruke": 0.09091
  },
  "hiphop2": {
    "okretizcoska": 0.090909,
    "pozesarukama": 0.090909,
    "hiphop": 0.090909,
    "hiphop2": 0.090909,
    "hiphop3": 0.090909,
    "hiphop4": 0.090909,
    "hiphop5": 0.090909,
    "hiphop6": 0.090909,
    "break1": 0.090909,
    "break3": 0.090909,
    "break4": 0.09091
  },
  "hiphop3": {
    "okretizcoska": 0.090909,
    "grandplie": 0.090909,
    "asomble": 0.090909,
    "pozesarukama": 0.090909,
    "hiphop": 0.090909,
    "hiphop2": 0.090909,
    "hiphop3": 0.090909,
    "hiphop4": 0.090909,
    "hiphop5": 0.090909,
    "hiphop6": 0.090909,
    "break1": 0.09091
  },
  "hiphop4": {
    "okretizcoska": 0.090909,
    "pozesarukama": 0.090909,
    "hiphop": 0.090909,
    "hiphop2": 0.090909,
    "hiphop3": 0.090909,
    "hiphop4": 0.090909,
    "hiphop5": 0.090909,
    "hiphop6": 0.090909,
    "break1": 0.090909,
    "break3": 0.090909,
    "break4": 0.09091
  },
  "hiphop5": {
    "pozesarukama": 0.083333,
    "hiphop": 0.083333,
    "hiphop2": 0.083333,
    "hiphop3": 0.083333,
    "hiphop4": 0.083333,
    "hiphop5": 0.083333,
    "hiphop6": 0.083333,
    "break1": 0.083333,
    "break3": 0.083333,
    "break4": 0.083333,
    "ruke": 0.083333,
    "pop": 0.083333,
    "pripremapiruetu": 0.083333,
    "pripremazajazzpiruetu": 0.083337
  },
  "break1": {
    "hiphop": 0.125,
    "hiphop2": 0.125,
    "hiphop3": 0.125,
    "hiphop4": 0.125,
    "hiphop5": 0.125,
    "hiphop6": 0.125,
    "break3": 0.125,
    "break4": 0.125,
    "pripremazajazzpiruetu": 0.125
  },
  "break3": {
    "hiphop": 0.125,
    "hiphop2": 0.125,
    "hiphop3": 0.125,
    "hiphop4": 0.125,
    "hiphop5": 0.125,
    "hiphop6": 0.125,
    "break1": 0.125,
    "break4": 0.125
  },
  "break4": {
      "hiphop": 0.111111,
      "hiphop2": 0.111111,
      "hiphop3": 0.111111,
      "hiphop4": 0.111111,
      "hiphop5": 0.111111,
      "hiphop6": 0.111111,
      "break1": 0.111111,
      "break3": 0.111111,
      "pop": 0.111112
  },
  "pop": {
    "glisatsapovlacenjem": 0.090909,
    "okretizcoska": 0.090909,
    "hiphop": 0.090909,
    "hiphop2": 0.090909,
    "hiphop3": 0.090909,
    "hiphop4": 0.090909,
    "hiphop5": 0.090909,
    "hiphop6": 0.090909,
    "break1": 0.090909,
    "break3": 0.090909,
    "house1": 0.090909,
    "house2": 0.09091
  }
}
